"ID";"Content";"NoteTime";"NoterID"
1;"激扬青春力量 培育法治人才 热衷“织网”势必自缚";"2017-02-22 16:40:00";"130708119"
2;"激扬青春力量 培育法治人才 热衷“织网”势必自缚";"2017-02-22 16:41:00";"130708120"
3;"激扬青春力量 培育法治人才 热衷“织网”势必自缚";"2017-02-22 16:42:00";"130708121"
4;"激扬青春力量 培育法治人才 热衷“织网”势必自缚";"2017-02-22 16:43:00";"130708122"
5;"激扬青春力量 培育法治人才 热衷“织网”势必自缚";"2017-02-22 16:44:00";"130708123"
6;"激扬青春力量 培育法治人才 热衷“织网”势必自缚";"2017-02-22 16:45:00";"130708124"
7;"激扬青春力量 培育法治人才 热衷“织网”势必自缚";"2017-02-22 16:46:00";"130708125"
8;"激扬青春力量 培育法治人才 热衷“织网”势必自缚";"2017-02-22 16:47:00";"130708126"
9;"激扬青春力量 培育法治人才 热衷“织网”势必自缚";"2017-02-22 16:48:00";"130708127"
10;"激扬青春力量 培育法治人才 热衷“织网”势必自缚";"2017-02-22 16:49:00";"130708128"
11;"激扬青春力量 培育法治人才 热衷“织网”势必自缚";"2017-02-22 16:50:00";"130708129"
12;"激扬青春力量 培育法治人才 热衷“织网”势必自缚";"2017-02-22 16:51:00";"130708131"
13;"激扬青春力量 培育法治人才 热衷“织网”势必自缚";"2017-02-22 16:52:00";"130708132"
14;"激扬青春力量 培育法治人才 热衷“织网”势必自缚";"2017-02-22 16:53:00";"130708133"
15;"激扬青春力量 培育法治人才 热衷“织网”势必自缚";"2017-02-22 16:54:00";"130708134"
16;"激扬青春力量 培育法治人才 热衷“织网”势必自缚";"2017-02-22 16:55:00";"130708135"
17;"激扬青春力量 培育法治人才 热衷“织网”势必自缚";"2017-02-22 16:56:00";"130708136"
18;"激扬青春力量 培育法治人才 热衷“织网”势必自缚";"2017-02-22 16:57:00";"130708137"
19;"激扬青春力量 培育法治人才 热衷“织网”势必自缚";"2017-02-22 16:58:00";"130708138"
20;"激扬青春力量 培育法治人才 热衷“织网”势必自缚";"2017-02-22 16:59:00";"130708139"
21;"激扬青春力量 培育法治人才 热衷“织网”势必自缚";"2017-02-23 16:40:00";"130708130"
22;"激扬青春力量 培育法治人才 热衷“织网”势必自缚";"2017-02-24 16:40:00";"130708140"
23;"激扬青春力量 培育法治人才 热衷“织网”势必自缚";"2017-02-25 16:40:00";"130708141"
24;"激扬青春力量 培育法治人才 热衷“织网”势必自缚";"2017-02-26 16:40:00";"130708142"
25;"激扬青春力量 培育法治人才 热衷“织网”势必自缚";"2017-02-27 16:40:00";"130708143"
